<NotepadPlus>
    <UserLang name="CBP" ext="cbp" udlVersion="2.1">
        <Settings>
            <Global caseIgnored="no" allowFoldOfComments="no" foldCompact="no" forcePureLC="0" decimalSeparator="0" />
            <Prefix Keywords1="no" Keywords2="no" Keywords3="no" Keywords4="yes" Keywords5="yes" Keywords6="yes" Keywords7="no" Keywords8="no" />
        </Settings>
        <KeywordLists>
            <Keywords name="Comments">00/// 01 02 03 04</Keywords>
            <Keywords name="Numbers, prefix1"></Keywords>
            <Keywords name="Numbers, prefix2"></Keywords>
            <Keywords name="Numbers, extras1"></Keywords>
            <Keywords name="Numbers, extras2"></Keywords>
            <Keywords name="Numbers, suffix1"></Keywords>
            <Keywords name="Numbers, suffix2"></Keywords>
            <Keywords name="Numbers, range"></Keywords>
            <Keywords name="Operators1">StealItem EngieItem ArchItem WarrItem MUL( SUB( ADD( DIV( MOD( PARSE( ESCAPE( SIN( COS( TAN( GROUP_VAL( RevST RevT AddT ScOP ScTG ScRE ScTE ScTJ ScTL ScTO SetblockTestfor ExecuteSpawnStand FinalSpawnStand Deactivate Activate NumberAdd NumberObjAdd ColorFillWool ColorFillClay ColorFillGlass ColorFillWood //- \\- -/-</Keywords>
            <Keywords name="Operators2"></Keywords>
            <Keywords name="Folders in code1, open">//&lt;</Keywords>
            <Keywords name="Folders in code1, middle"></Keywords>
            <Keywords name="Folders in code1, close">//&gt;</Keywords>
            <Keywords name="Folders in code2, open"></Keywords>
            <Keywords name="Folders in code2, middle"></Keywords>
            <Keywords name="Folders in code2, close"></Keywords>
            <Keywords name="Folders in comment, open"></Keywords>
            <Keywords name="Folders in comment, middle"></Keywords>
            <Keywords name="Folders in comment, close"></Keywords>
            <Keywords name="Keywords1">LOOP&#x000D;&#x000A;DEFINE&#x000D;&#x000A;FUNC&#x000D;&#x000A;END&#x000D;&#x000A;USE&#x000D;&#x000A;IF&#x000D;&#x000A;UNUSE&#x000D;&#x000A;IMPORT&#x000D;&#x000A;PCBPIMPORT</Keywords>
            <Keywords name="Keywords2">CONSTART&#x000D;&#x000A;CONEND&#x000D;&#x000A;CONDITION&#x000D;&#x000A;TDWorks</Keywords>
            <Keywords name="Keywords3">scoreboard&#x000D;&#x000A;testfor&#x000D;&#x000A;execute&#x000D;&#x000A;replaceitem&#x000D;&#x000A;give&#x000D;&#x000A;fill&#x000D;&#x000A;teleport&#x000D;&#x000A;entitydata&#x000D;&#x000A;particle&#x000D;&#x000A;setblock&#x000D;&#x000A;effect&#x000D;&#x000A;clear&#x000D;&#x000A;tellraw&#x000D;&#x000A;summon&#x000D;&#x000A;tp&#x000D;&#x000A;title&#x000D;&#x000A;gamemode&#x000D;&#x000A;stats&#x000D;&#x000A;playsound&#x000D;&#x000A;weather&#x000D;&#x000A;clone&#x000D;&#x000A;spawnpoint&#x000D;&#x000A;gamerule&#x000D;&#x000A;kill&#x000D;&#x000A;help&#x000D;&#x000A;list&#x000D;&#x000A;me&#x000D;&#x000A;tell&#x000D;&#x000A;time&#x000D;&#x000A;xp&#x000D;&#x000A;blockdata&#x000D;&#x000A;say</Keywords>
            <Keywords name="Keywords4">Func_</Keywords>
            <Keywords name="Keywords5">DEF_</Keywords>
            <Keywords name="Keywords6">CCItem_&#x000D;&#x000A;SMob_&#x000D;&#x000A;PCBPI_</Keywords>
            <Keywords name="Keywords7">TDFix&#x000D;&#x000A;TDTest</Keywords>
            <Keywords name="Keywords8">TODO</Keywords>
            <Keywords name="Delimiters">00| 01 02| 03$ 04 05$ 06//* 07 08*// 09//( 10 11) 12:CBP 13 14$Style$ 15//#-p 16 17-print 18//= 19 20\\= 21 22 23</Keywords>
        </KeywordLists>
        <Styles>
            <WordsStyle name="DEFAULT" fgColor="000000" bgColor="FFFFFF" fontName="" fontStyle="0" nesting="0" />
            <WordsStyle name="COMMENTS" fgColor="2BD500" bgColor="FFFFFF" fontName="" fontStyle="1" nesting="0" />
            <WordsStyle name="LINE COMMENTS" fgColor="007177" bgColor="FFFFFF" fontName="" fontStyle="0" nesting="131852" />
            <WordsStyle name="NUMBERS" fgColor="000000" bgColor="FFFFFF" fontName="" fontStyle="0" nesting="0" />
            <WordsStyle name="KEYWORDS1" fgColor="0000FF" bgColor="FFFFFF" fontName="" fontStyle="0" nesting="0" />
            <WordsStyle name="KEYWORDS2" fgColor="008000" bgColor="FFFFFF" fontName="" fontStyle="0" nesting="0" />
            <WordsStyle name="KEYWORDS3" fgColor="800080" bgColor="FFFFFF" fontName="" fontStyle="0" nesting="0" />
            <WordsStyle name="KEYWORDS4" fgColor="006600" bgColor="FFFFFF" fontName="" fontStyle="1" nesting="0" />
            <WordsStyle name="KEYWORDS5" fgColor="B90000" bgColor="FFFFFF" fontName="" fontStyle="1" nesting="0" />
            <WordsStyle name="KEYWORDS6" fgColor="000080" bgColor="FFFFFF" fontName="" fontStyle="1" nesting="0" />
            <WordsStyle name="KEYWORDS7" fgColor="B90000" bgColor="FFFFFF" fontName="" fontStyle="0" nesting="0" />
            <WordsStyle name="KEYWORDS8" fgColor="00716F" bgColor="ECECFF" fontName="" fontStyle="1" nesting="0" />
            <WordsStyle name="OPERATORS" fgColor="000080" bgColor="FFFFFF" fontName="" fontStyle="1" nesting="0" />
            <WordsStyle name="FOLDER IN CODE1" fgColor="004000" bgColor="BFFFBF" fontName="" fontStyle="1" nesting="0" />
            <WordsStyle name="FOLDER IN CODE2" fgColor="000000" bgColor="FFFFFF" fontName="" fontStyle="0" nesting="0" />
            <WordsStyle name="FOLDER IN COMMENT" fgColor="007177" bgColor="DFDDFF" fontName="" fontStyle="1" nesting="0" />
            <WordsStyle name="DELIMITERS1" fgColor="008000" bgColor="FFFFFF" fontName="" fontStyle="1" nesting="0" />
            <WordsStyle name="DELIMITERS2" fgColor="B90000" bgColor="FFFFFF" fontName="" fontStyle="1" nesting="1" />
            <WordsStyle name="DELIMITERS3" fgColor="C46200" bgColor="FFFFFF" fontName="" fontStyle="1" nesting="0" />
            <WordsStyle name="DELIMITERS4" fgColor="004000" bgColor="CEFFCE" fontName="" fontStyle="5" fontSize="11" nesting="0" />
            <WordsStyle name="DELIMITERS5" fgColor="004000" bgColor="FFFF6C" fontName="" fontStyle="5" nesting="0" />
            <WordsStyle name="DELIMITERS6" fgColor="004000" bgColor="D5FFD5" fontName="" fontStyle="1" nesting="0" />
            <WordsStyle name="DELIMITERS7" fgColor="007177" bgColor="FFFFFF" fontName="" fontStyle="0" nesting="0" />
            <WordsStyle name="DELIMITERS8" fgColor="006600" bgColor="FFFFFF" fontName="" fontStyle="1" nesting="0" />
        </Styles>
    </UserLang>
</NotepadPlus>
